test,cppfront_status,cppfort_status,agreement
combinator_corpus,FAIL,FAIL,agree
mixed-allcpp1-hello,PASS,PASS,agree
mixed-as-for-variant-20-types,FAIL,FAIL,agree
mixed-autodiff-taylor,FAIL,FAIL,agree
mixed-bounds-check,FAIL,FAIL,agree
mixed-bounds-safety-with-assert-2,FAIL,FAIL,agree
mixed-bounds-safety-with-assert,FAIL,FAIL,agree
mixed-bugfix-for-cpp2-comment-cpp1-sequence,FAIL,FAIL,agree
mixed-bugfix-for-literal-as-nttp,FAIL,FAIL,agree
mixed-bugfix-for-ufcs-non-local,FAIL,FAIL,agree
mixed-captures-in-expressions-and-postconditions,FAIL,FAIL,agree
mixed-default-arguments,FAIL,FAIL,agree
mixed-fixed-type-aliases,FAIL,FAIL,agree
mixed-float-literals,FAIL,FAIL,agree
mixed-forwarding,FAIL,FAIL,agree
mixed-function-expression-and-std-for-each,FAIL,FAIL,agree
mixed-function-expression-and-std-ranges-for-each-with-capture,FAIL,FAIL,agree
mixed-function-expression-and-std-ranges-for-each,FAIL,FAIL,agree
mixed-function-expression-with-pointer-capture,FAIL,FAIL,agree
mixed-function-expression-with-repeated-capture,FAIL,FAIL,agree
mixed-hello,PASS,FAIL,disagree
mixed-increment-decrement,FAIL,FAIL,agree
mixed-initialization-safety-3-contract-violation,FAIL,FAIL,agree
mixed-initialization-safety-3,FAIL,FAIL,agree
mixed-inspect-templates,FAIL,FAIL,agree
mixed-inspect-values-2,FAIL,FAIL,agree
mixed-inspect-values,FAIL,FAIL,agree
mixed-inspect-with-typeof-of-template-arg-list,FAIL,FAIL,agree
mixed-intro-example-three-loops,PASS,FAIL,disagree
mixed-intro-for-with-counter-include-last,FAIL,FAIL,agree
mixed-is-as-value-with-variant,FAIL,FAIL,agree
mixed-is-as-variant,FAIL,FAIL,agree
mixed-lifetime-safety-and-null-contracts,FAIL,FAIL,agree
mixed-lifetime-safety-pointer-init-4,FAIL,FAIL,agree
mixed-multiple-return-values,FAIL,FAIL,agree
mixed-out-destruction,FAIL,FAIL,agree
mixed-parameter-passing-generic-out,FAIL,FAIL,agree
mixed-parameter-passing-with-forward,FAIL,FAIL,agree
mixed-parameter-passing,FAIL,FAIL,agree
mixed-postexpression-with-capture,FAIL,FAIL,agree
mixed-postfix-expression-custom-formatting,FAIL,FAIL,agree
mixed-string-interpolation,FAIL,FAIL,agree
mixed-test-parens,FAIL,FAIL,agree
mixed-type-safety-1,FAIL,FAIL,agree
mixed-ufcs-multiple-template-arguments,FAIL,FAIL,agree
pure2-assert-expected-not-null,FAIL,FAIL,agree
pure2-assert-optional-not-null,FAIL,FAIL,agree
pure2-assert-shared-ptr-not-null,FAIL,FAIL,agree
pure2-assert-unique-ptr-not-null,FAIL,FAIL,agree
pure2-autodiff-higher-order,FAIL,FAIL,agree
pure2-autodiff,FAIL,FAIL,agree
pure2-bounds-safety-span,FAIL,FAIL,agree
pure2-break-continue,FAIL,FAIL,agree
pure2-bugfix-for-assign-expression-list,FAIL,FAIL,agree
pure2-bugfix-for-discard-precedence,FAIL,PASS,disagree
pure2-bugfix-for-indexed-call,FAIL,FAIL,agree
pure2-bugfix-for-late-comments,FAIL,FAIL,agree
pure2-bugfix-for-max-munch,FAIL,FAIL,agree
pure2-bugfix-for-memberwise-base-assignment,FAIL,PASS,disagree
pure2-bugfix-for-name-lookup-and-value-decoration,FAIL,FAIL,agree
pure2-bugfix-for-non-local-function-expression,PASS,FAIL,disagree
pure2-bugfix-for-non-local-initialization,FAIL,PASS,disagree
pure2-bugfix-for-optional-template-argument-list,FAIL,FAIL,agree
pure2-bugfix-for-requires-clause-in-forward-declaration,FAIL,PASS,disagree
pure2-bugfix-for-requires-clause-unbraced-function-initializer,FAIL,FAIL,agree
pure2-bugfix-for-template-argument,FAIL,FAIL,agree
pure2-bugfix-for-ufcs-arguments,FAIL,FAIL,agree
pure2-bugfix-for-ufcs-name-lookup,FAIL,FAIL,agree
pure2-bugfix-for-ufcs-noexcept,FAIL,PASS,disagree
pure2-bugfix-for-ufcs-sfinae,FAIL,FAIL,agree
pure2-bugfix-for-unbraced-function-expression,FAIL,PASS,disagree
pure2-bugfix-for-variable-template,PASS,FAIL,disagree
pure2-chained-comparisons,FAIL,FAIL,agree
pure2-concept-definition,FAIL,FAIL,agree
pure2-contracts,FAIL,FAIL,agree
pure2-default-arguments,FAIL,FAIL,agree
pure2-defaulted-comparisons-and-final-types,FAIL,FAIL,agree
pure2-enum,FAIL,FAIL,agree
pure2-expected-is-as,FAIL,FAIL,agree
pure2-for-loop-range-with-lambda,FAIL,FAIL,agree
pure2-forward-return,FAIL,FAIL,agree
pure2-function-body-reflection,FAIL,FAIL,agree
pure2-function-multiple-forward-arguments,FAIL,FAIL,agree
pure2-function-single-expression-body-default-return,FAIL,FAIL,agree
pure2-function-typeids,FAIL,FAIL,agree
pure2-hashable,FAIL,FAIL,agree
pure2-hello,FAIL,FAIL,agree
pure2-initialization-safety-with-else-if,FAIL,FAIL,agree
pure2-inspect-expression-in-generic-function-multiple-types,FAIL,FAIL,agree
pure2-inspect-expression-with-as-in-generic-function,FAIL,FAIL,agree
pure2-inspect-fallback-with-variant-any-optional,FAIL,FAIL,agree
pure2-inspect-generic-void-empty-with-variant-any-optional,FAIL,FAIL,agree
pure2-interpolation,FAIL,FAIL,agree
pure2-intro-example-hello-2022,FAIL,FAIL,agree
pure2-intro-example-three-loops,FAIL,FAIL,agree
pure2-is-with-free-functions-predicate,FAIL,FAIL,agree
pure2-is-with-polymorphic-types,FAIL,PASS,disagree
pure2-is-with-unnamed-predicates,FAIL,FAIL,agree
pure2-is-with-variable-and-value,FAIL,FAIL,agree
pure2-last-use,FAIL,PASS,disagree
pure2-look-up-parameter-across-unnamed-function,FAIL,FAIL,agree
pure2-main-args,FAIL,FAIL,agree
pure2-more-wildcards,FAIL,FAIL,agree
pure2-print,FAIL,FAIL,agree
pure2-range-operators,FAIL,FAIL,agree
pure2-raw-string-literal-and-interpolation,FAIL,FAIL,agree
pure2-regex_01_char_matcher,FAIL,FAIL,agree
pure2-regex_02_ranges,FAIL,FAIL,agree
pure2-regex_03_wildcard,FAIL,FAIL,agree
pure2-regex_04_start_end,FAIL,FAIL,agree
pure2-regex_05_classes,FAIL,FAIL,agree
pure2-regex_06_boundaries,FAIL,FAIL,agree
pure2-regex_07_short_classes,FAIL,FAIL,agree
pure2-regex_08_alternatives,FAIL,FAIL,agree
pure2-regex_09_groups,FAIL,FAIL,agree
pure2-regex_10_escapes,FAIL,FAIL,agree
pure2-regex_11_group_references,FAIL,FAIL,agree
pure2-regex_12_case_insensitive,FAIL,FAIL,agree
pure2-regex_13_possessive_modifier,FAIL,FAIL,agree
pure2-regex_14_multiline_modifier,FAIL,FAIL,agree
pure2-regex_15_group_modifiers,FAIL,FAIL,agree
pure2-regex_16_perl_syntax_modifier,FAIL,FAIL,agree
pure2-regex_17_comments,FAIL,FAIL,agree
pure2-regex_18_branch_reset,FAIL,FAIL,agree
pure2-regex_19_lookahead,FAIL,FAIL,agree
pure2-regex_20_lookbehind,FAIL,FAIL,agree
pure2-regex_21_atomic_patterns,FAIL,FAIL,agree
pure2-regex-general,FAIL,FAIL,agree
pure2-repeated-call,FAIL,FAIL,agree
pure2-requires-clauses,FAIL,FAIL,agree
pure2-return-tuple-operator,FAIL,PASS,disagree
pure2-statement-scope-parameters,FAIL,FAIL,agree
pure2-stdio-with-raii,FAIL,FAIL,agree
pure2-stdio,FAIL,FAIL,agree
pure2-synthesize-rightshift-and-rightshifteq,FAIL,FAIL,agree
pure2-template-parameter-lists,FAIL,FAIL,agree
pure2-trailing-comma-assert,FAIL,FAIL,agree
pure2-trailing-commas,FAIL,FAIL,agree
pure2-type-and-namespace-aliases,FAIL,FAIL,agree
pure2-type-constraints,FAIL,FAIL,agree
pure2-type-safety-1,FAIL,FAIL,agree
pure2-type-safety-2-with-inspect-expression,FAIL,FAIL,agree
pure2-types-basics,FAIL,FAIL,agree
pure2-types-down-upcast,FAIL,PASS,disagree
pure2-types-inheritance,FAIL,FAIL,agree
pure2-types-order-independence-and-nesting,FAIL,FAIL,agree
pure2-types-ordering-via-meta-functions,FAIL,FAIL,agree
pure2-types-smf-and-that-1-provide-everything,FAIL,PASS,disagree
pure2-types-smf-and-that-2-provide-mvconstruct-and-cpassign,FAIL,PASS,disagree
pure2-types-smf-and-that-3-provide-mvconstruct-and-mvassign,FAIL,PASS,disagree
pure2-types-smf-and-that-4-provide-cpassign-and-mvassign,FAIL,PASS,disagree
pure2-types-smf-and-that-5-provide-nothing-but-general-case,FAIL,PASS,disagree
pure2-types-that-parameters,FAIL,PASS,disagree
pure2-types-value-types-via-meta-functions,FAIL,FAIL,agree
pure2-ufcs-member-access-and-chaining,FAIL,FAIL,agree
pure2-union,FAIL,FAIL,agree
pure2-unsafe,FAIL,FAIL,agree
pure2-variadics,FAIL,FAIL,agree
pure2-various-string-literals,FAIL,FAIL,agree
